email,gender,ip_address
cjones0@noaa.gov,Male,31.118.173.217
bwells1@fastcompany.com,Male,111.7.140.159
lbrown2@xing.com,Male,65.240.105.99
cmitchell3@yahoo.com,Male,198.15.210.28
jwatkins4@amazonaws.com,Female,113.236.158.230
bfernandez5@parallels.com,Male,110.126.155.234
jnguyen6@apple.com,Male,129.184.134.145
jwright7@guardian.co.uk,Male,133.218.160.184
mdavis8@dot.gov,Female,239.161.46.117
hpowell9@google.fr,Male,154.182.134.221
tgibsona@vk.com,Male,6.176.64.7
lspencerb@umich.edu,Female,22.197.50.59
jlynchc@dedecms.com,Female,196.45.179.226
howensd@addthis.com,Female,154.147.92.88
lharrisone@fotki.com,Female,39.12.123.176
pnguyenf@phpbb.com,Male,150.161.141.77
rblackg@ameblo.jp,Male,179.143.48.101
ahallh@i2i.jp,Female,189.173.164.247
dpattersoni@booking.com,Female,158.232.48.127
gperezj@so-net.ne.jp,Female,88.171.247.238
